{"cameraMode":{"drawMode":0,"name":"Shaded","section":"Shading Mode"},"sceneLighting":false,"audioPlay":false,"sceneViewState":{"showFog":true,"showMaterialUpdate":false,"showSkybox":true,"showFlares":true,"showImageEffects":true,"showParticleSystems":true},"in2DMode":false,"pivot":{"x":61.134307861328128,"y":-34.42455291748047,"z":72.39654541015625},"rotation":{"x":-0.5010367631912231,"y":-0.02310323715209961,"z":0.01338659506291151,"w":-0.8650195598602295},"size":1.4289418458938599,"orthographic":false}