{"cameraMode":{"drawMode":0,"name":"Shaded","section":"Shading Mode"},"sceneLighting":false,"audioPlay":false,"sceneViewState":{"showFog":true,"showMaterialUpdate":false,"showSkybox":true,"showFlares":true,"showImageEffects":true,"showParticleSystems":true},"in2DMode":false,"pivot":{"x":-2.384185791015625e-7,"y":1.0000004768371583,"z":2.384185791015625e-7},"rotation":{"x":-0.6422224640846252,"y":-0.012416678480803967,"z":0.01041091326624155,"w":-0.766353189945221},"size":8.573651313781739,"orthographic":true}